0.1809970747160966,0.0,0.020759694537582085,0.0,1.0
0.7904726933527544,0.9390444647979147,0.20032025788960228,0.8031543646908426,0.0
0.7563031872128594,0.9293295980392189,0.7454590712435237,0.8137799017498033,0.0
1.2204411997158424,1.0862220160072216,1.0,0.9265642363520921,0.0
0.8016347732029528,1.0155832689603859,0.7419376860748138,0.9128964555063488,0.0
0.46366975115579273,0.0,0.45886892951500813,0.0,1.0
1.2901490393943211,0.9797787959545832,1.0,0.849559960948115,0.0
0.49204710428098275,0.0,0.21722441137891624,0.0,1.0
0.0,1.1145674663082705,0.10384784680153802,0.9754155728616128,0.0
0.7736143697057485,0.0,0.2730151341530622,0.0,0.0
1.2701821067345311,0.9778825525856465,0.9821178146730628,0.961100797442164,0.0
0.279703013861741,0.0,0.048592776135142346,0.0,1.0
0.183808901879818,0.0,0.046952049540337604,0.0,1.0
0.04425113186218225,0.8627619907165485,0.05996410709150524,0.7440264688436153,0.0
0.8982815287967689,0.0,0.7545928851943179,0.0,1.0
0.2113850885361135,0.0,0.244580792643332,0.0,1.0
0.913360639808737,0.8123841365968236,0.981995910967475,0.774514782535915,0.0
0.7470472626374377,0.6808831415230873,0.601179513769675,0.5406133441554876,1.0
0.27303193741839366,0.7789757237038569,0.5300376416431789,0.5385784784365912,0.0
0.6152630890134357,0.0,0.4423926456043439,0.0,1.0
0.7089654098124147,0.999401334254135,0.473458149943078,0.8684224272045248,0.0
0.6801127303600237,0.9217462406128438,0.3806868581312336,0.8605760883591539,0.0
1.1238162714061881,1.0561995777301283,1.0,0.7137224074412261,0.0
1.0649946458959683,0.8922628046474967,0.7832556756452291,0.8390498860471628,0.0
0.14227270509250306,0.0,0.2886369043868715,0.0,0.0
0.4022556200297271,0.7872018131518435,0.25020282332112864,0.7777375782602047,0.0
0.8331965081052235,0.9492676174143051,0.5264797241481946,0.8227855482350755,0.0
0.29391641831670384,0.7844406318954972,0.25488679049128105,0.6331154360153632,0.0
0.5624536215126843,0.0,0.36139334714289695,0.0,1.0
0.3226091994267255,0.9003032987047656,0.4511665441744547,0.9006839186514566,0.0
0.9050264858146353,0.0,0.4664125279660828,0.0,1.0
0.21150613534738133,0.0,0.13609441583950388,0.0,1.0
1.2635518478388412,1.009711844137657,1.0,0.9008625348907061,0.0
0.3130733063428788,1.0177118128348257,0.2591991330871648,0.8505509594157507,0.0
0.8108902288250273,0.8737240310412768,0.6006586215650662,0.6681227011252742,0.0
0.5552954634652604,1.0139458402279826,0.661165985091252,0.9029620054868341,0.0
0.8641592674791168,0.9059562521823864,0.6520457305475257,0.7848847548618667,0.0
0.543597440564186,0.813661565437904,0.6150186520388801,0.739941168140968,1.0
0.9881316006664452,1.0649499102684732,0.7805429144909172,0.7934179182514599,0.0
1.122718278663256,0.9111503553731728,1.0,0.8913215456729096,0.0
0.16122830119831025,0.8296872258936865,0.015464837615676963,0.7295578702767648,0.0
0.0,0.7389986327636063,0.2771072976851444,0.6521897188901058,0.0
0.74048478408768,0.8554781487986653,0.5144664582172308,0.7420886092926418,0.0
0.783347666313367,0.6504023589490273,0.4457751984874585,0.503802311167747,0.0
1.229920943659638,1.0024186802264021,1.0,0.9214790660312486,0.0
0.45381989755985186,1.2780893500702224,0.1985429548516292,0.9902664161406212,1.0
0.48262484698347874,0.0,0.06979959729255081,0.0,1.0
0.38844508230377295,1.133033763223829,0.191070401289416,0.9591528701170784,1.0
0.282790634473631,0.0,0.10642351920010062,0.0,1.0
1.2275008441259103,1.0223503098793065,1.0,0.9154657450504848,0.0
0.3188486306533823,0.0,0.5046319283695456,0.0,1.0
1.152466171675169,0.823423991805766,0.6052980213814734,0.6303392938094665,0.0
0.9590690208717922,1.0647679663644631,0.769897543026326,0.9184581880105362,0.0
0.3281758196930984,1.0299572504968937,0.27709467459023884,0.9339975212304955,0.0
0.594900186624283,0.8595522867849354,0.44545585366691753,0.7792065623542305,1.0
0.8263155902776127,0.901000947170394,0.4948517786877116,0.7708521405910008,0.0
1.081288415175319,0.9222553831005927,0.6787467438276995,0.7067217593768265,0.0
0.6795183040693702,0.0,0.8618931149185602,0.0,1.0
0.43558129728629463,0.9353398883712636,0.22696608031603305,0.8401843881529479,0.0
0.28368238130882384,1.098005767201812,0.20680180219561328,0.9730979569414573,0.0
0.6526038941637163,0.0,0.4035807875798234,0.0,1.0
0.7090417075849389,0.0,0.3306745466872284,0.0,1.0
0.4097714831003412,0.0,0.1831077387685791,0.0,0.0
0.510121561402528,0.9747373254714691,0.2120366926161481,0.8098779205684958,0.0
0.0,0.7547767938482485,0.0,0.6178683806402436,1.0
0.1726119129210403,0.0,0.08121139027334046,0.0,1.0
0.8138199999690735,1.0291427935352333,0.6288671327481429,0.9442402649421461,1.0
0.15731194667668946,0.0,0.06659812698877976,0.0,1.0
0.8896597633502308,0.8096275151978317,0.9035284236661145,0.8587475788005423,0.0
0.8434580734741045,0.0,0.4341218447791111,0.0,0.0
0.39792727169335657,0.0,0.20093004763038558,0.0,1.0
0.7291050077460303,0.7696715434315146,0.7377663579134071,0.6420861694787801,0.0
0.879956983208921,0.8525824190936041,0.8084072266798754,0.7893202201769567,0.0
0.8254435141634661,0.8608465932724575,0.6024651886338787,0.7742757673621994,0.0
0.6424705642033369,0.7526173140502501,0.43250308850153807,0.5926561759043139,1.0
0.04455354021984451,0.0,0.34870043704400944,0.0,1.0
0.45947470642375277,0.9902140399941753,0.7425246117577886,0.9395272439334207,0.0
0.15782323621442915,0.0,0.15970935826247423,0.0,1.0
0.6936756581978344,1.0928276071632097,0.47397876648101067,0.9751253184711888,0.0
0.9472924271562587,0.8304272020527707,0.5100310957321444,0.8008400525603755,0.0
0.6412608993836659,0.0,0.5747940606502957,0.0,1.0
0.7259158814385718,0.763839630125874,0.7710785615692134,0.6186885143041205,1.0
0.7154876414971938,0.7574111620951312,0.3364784231381104,0.6754881769514356,0.0
0.16743952895522118,0.0,0.042059894866032344,0.0,1.0
1.1479678755852336,0.9049937699057163,0.7508849535705272,0.8093712430602851,0.0
0.909164137992416,0.867158374192436,0.29920580363987825,0.7203297732554067,0.0
0.7534562121629553,0.9186095481831491,0.605977821839619,0.8228075401709165,0.0
1.070378158009876,1.0935458463249863,0.7029064194719423,0.9447169019314042,0.0
0.6096905916764355,0.7395593489813281,0.4469373921149079,0.47835958660428546,1.0
0.8131272988561332,0.8259861098844361,0.4655849288012496,0.6463527295190508,0.0
0.6138044841953454,0.7405440193465513,0.5531363393726119,0.5436886478376658,0.0
0.42541385195773584,1.0572908093842717,0.4777180223030987,0.913121927741517,0.0
0.31398392791349883,0.0,0.18649179161084106,0.0,1.0
1.0977020360222614,0.9337179065737082,1.0,0.8644756529216843,0.0
0.18484515157362566,0.8697098921192132,0.007644803557355195,0.703058131228854,1.0
0.26747566813222384,0.8457706228768292,0.1409433066164717,0.7982498976570236,0.0
0.9037976501139792,0.7885950687482314,0.793333579309997,0.8256068994785851,0.0
0.18090922090737405,1.0240427337109743,0.5340727975298398,0.8054253824452914,0.0
0.18905981800385716,0.0,0.02744963777296383,0.0,0.0
1.0497001395013565,0.7705547730315483,0.8568473839363223,0.4169299643367137,0.0
0.3047019477378927,0.0,0.3775993555087199,0.0,1.0
0.8348851212031423,0.8873815416214016,0.6250924182866019,0.811099538263488,0.0
0.9749201154711248,0.8056437136743099,0.6304300075267235,0.6085368852201087,0.0
0.15763227813785924,0.9707320728423013,0.18949170825849504,0.8994716353168132,0.0
0.867879925109863,0.9069522234529571,0.6385796249092006,0.8210438987042746,0.0
0.7956736373185929,0.805789309889563,0.59024748473461,0.6757155019554852,1.0
1.038605250000662,0.9083194064768908,0.7930449737863032,0.8075279023651007,0.0
0.4056364434505712,0.0,0.38918052645263324,0.0,1.0
0.43143709141373837,0.7791822764371711,0.26145824434620113,0.7209091714021442,0.0
1.2159301611122375,0.8853290957941753,1.0,0.8582976178621554,0.0
0.9705546048721083,0.0,0.44760803184626385,0.0,1.0
0.5482385676181435,0.0,0.28284795961906617,0.0,1.0
0.8065240654071496,1.0334148451096494,0.5796243641186276,0.8931832902935887,0.0
0.16952839490415383,0.8218468535842537,0.47842178779845934,0.7889327684490168,0.0
0.7607841237339973,0.9285262892643452,0.9870807766710635,0.8976470069742292,0.0
0.6045708540866693,0.9939569009656395,0.28090946065863376,0.7221452241129547,0.0
0.8047848316259082,0.8273322429932234,0.3389970444715633,0.7626982762497269,0.0
0.6803982955840236,1.1901912080118935,0.5529689979200805,0.9617894314617923,0.0
0.5875707435149692,0.9964776737283653,0.4886425130092089,0.8291102696190092,0.0
0.8872705360121766,0.7895518073520367,0.4860457181530541,0.6889845221869693,0.0
0.5492098768501559,1.1988988428580771,0.19924300773672599,0.9453267483679413,0.0
0.8304890636477005,1.0809225777622231,0.6670902536027319,0.9402857062102369,0.0
0.8427503392388658,1.0498457110315933,0.8910273421414363,0.8408205226997706,0.0
1.0763441367221054,1.0499518242531283,0.9883509567555558,0.9553603573211352,0.0
0.22198737902221052,0.0,0.20843461624048587,0.0,1.0
0.8820584201563445,0.0,0.4454718164034631,0.0,1.0
1.0159966091937016,0.8207619215318381,0.7651615910604342,0.7828573101587861,0.0
0.5891821990442965,0.7138972449435881,0.7826622874262591,0.7234184447870009,0.0
0.7083285745551615,1.219561082834664,0.786040378695907,0.961770120923955,0.0
0.9339731627263838,0.9080944507616343,0.7256930500293639,0.8285358436244383,0.0
1.2513110487627186,0.8662912570299205,1.0,0.8234312024663337,0.0
0.4719635860635158,0.8425685972526706,0.28348678797949844,0.7209325860728811,0.0
0.5083376745848524,0.0,0.470843867031434,0.0,1.0
0.538043659741521,0.7446059908374777,0.26915484074463447,0.6987720931732754,0.0
0.9640268667881441,1.002523795935488,0.9734279686220599,0.8849285627574627,0.0
0.8816566184868767,0.7598326385404707,0.5675831310606422,0.7258116622469615,0.0
0.5157792398428326,0.0,0.610199546368533,0.0,1.0
0.33293621784279176,0.0,0.2307369933339598,0.0,1.0
0.45671733544981097,0.9646529346576742,0.3440320755309544,0.8051640885369346,0.0
0.4184818612233401,0.0,0.2621281224488532,0.0,1.0
0.45767944091488644,0.9354417888917268,0.2520856467410004,0.6747172673751929,0.0
0.5133447225446766,0.0,0.644351161542049,0.0,1.0
0.8442782746818543,1.1320386081695053,0.9172026096638805,0.9634918886744079,0.0
0.5342149323466213,1.1317291972322612,0.3398156141164135,0.9178464152723975,0.0
0.5140363839001094,0.831863227131582,0.6274014817266066,0.7614220691562222,1.0
0.9828039762271101,0.7662248788994102,0.8104476477315037,0.6474767272886838,0.0
0.8984565464405232,0.8871897794892318,0.8066320424352237,0.8277999246838212,0.0
0.7658304280686085,0.9862387989186928,0.7415041591279848,0.898731364976245,0.0
1.031972557087971,0.9208032137373857,0.6910615827071681,0.822843522435214,0.0
0.8423703645175165,1.1214086088123623,0.6708799798646545,0.9293066917303705,1.0
0.3295062828377899,0.983709644052707,0.0446492317604027,0.632784969376164,0.0
0.1687329617697065,0.0,0.035524251191029865,0.0,1.0
0.8237120707461286,0.9353871951643098,0.2172134263395319,0.8160520185565044,0.0
0.4710460351458835,0.0,0.4130374649595062,0.0,1.0
0.4578215943197428,0.0,0.26712805237641757,0.0,1.0
0.7796957058218053,0.766067866014174,0.6070065083074601,0.6930978772455874,1.0
0.3088670421140718,0.8893743795062109,0.17520999982237473,0.7500306527020656,0.0
0.5656021656758293,1.0349193219972614,0.5335724918841045,0.9692503495614307,1.0
0.708647325248247,1.0226128771808392,0.7550592800860532,0.9290901711443308,0.0
0.653110845758064,1.0637235785513008,0.5790102577092008,0.9381019374895057,0.0
0.0,0.0,0.11055593781095419,0.0,1.0
0.9530799674209195,1.0822205855788245,0.7739184575561591,0.907979572658372,0.0
0.9384099128212607,1.0244032580055389,0.7939393579859159,0.5603030029866699,0.0
0.801500945941814,0.0,0.6321065828365211,0.0,1.0
0.8261566438403344,0.0,0.365931494612341,0.0,1.0
0.27046472961265566,0.6901372301933429,0.21751932947169095,0.5751506876835628,1.0
0.6122419661204247,0.0,0.3304964778378314,0.0,1.0
0.2740793169511205,0.7375518830008271,0.2736211923096298,0.4527313431620348,0.0
0.7726813367635387,0.0,0.5528459527403081,0.0,1.0
0.6900930395568657,0.0,0.555856070631923,0.0,1.0
0.2557608590209713,0.0,0.0736025631655346,0.0,0.0
1.1012689280201995,1.0593585245803523,1.0,0.9044273664672675,0.0
0.586247215822925,0.0,0.2615361561321444,0.0,1.0
0.1610668389017812,0.9593581366353339,0.07053618399696937,0.8650163458443956,1.0
0.5468839539663609,0.0,0.4820435850828001,0.0,1.0
0.2861781678353924,0.0,0.2453002863375734,0.0,1.0
1.1368926116038645,0.8539872979983963,0.9840593861010211,0.7455256208099197,0.0
0.6610103186887982,0.8760152074656636,0.35894187392043286,0.7201984683111149,0.0
0.7257324794266423,0.7789255962719505,0.5122738158912024,0.6513853998510837,1.0
0.8870279358970408,0.9794662825468134,0.8760246317404204,0.9012777066595306,0.0
0.5404757201603911,0.6590345924625491,0.2565283119437969,0.47346632378676623,0.0
0.3742218640004374,0.7549279977834041,0.046881243330760936,0.5964728484124238,0.0
0.6651134311546433,1.066417239235429,0.25804392994051617,0.8508793448640117,0.0
0.0,0.9440744802583119,0.0,0.86124038618944,1.0
0.5854970595565231,0.0,0.6771763849354077,0.0,1.0
0.8398604106032477,0.8698388439641329,0.35176302331645437,0.6044415118052034,0.0
1.21155312080436,0.9130077740606957,0.987627052705424,0.9068234870033589,0.0
0.1415371707572043,0.826885875082135,0.16176070469039938,0.6486352020458401,0.0
1.2316907708757387,0.8790391487869981,1.0,0.8155436657791792,0.0
0.29301488310991364,0.0,0.19941917370055184,0.0,1.0
0.6730932317854653,0.0,0.47031040730102947,0.0,1.0
0.4905388651873483,0.7893152143102794,0.44242171265277086,0.5824508817893808,0.0
1.1808255763797164,0.9919473618533359,0.9929100867480725,0.8970158290007963,0.0
0.4709656409403369,1.1780866013421603,0.44806268791614867,0.6502460878280623,1.0
0.6622010434380532,0.0,0.3476544769534917,0.0,1.0
0.8997292390661501,0.8825038787013455,0.19368063697746973,0.6462041483404071,1.0
0.27639339497875814,0.7560919706234641,0.08420522281786835,0.5458866675485887,0.0
1.0287957488013537,1.0273869920343208,0.9853145615357266,0.92129440351068,0.0
0.5847486984117927,0.0,0.21571870882147148,0.0,1.0
0.5506465779484521,0.8012315430604104,0.35518994633596335,0.700214446667341,0.0
0.6440420972395062,1.038900008845919,0.8316939685412508,0.9493440148974657,0.0
0.6090909893053774,0.0,0.4001081740289387,0.0,1.0
0.7849627188527584,0.9973748041161498,0.5686077970261038,0.8805442673869284,0.0
0.9993028069574474,0.8065428597301526,0.624472774590298,0.6401591341605588,0.0
0.07779729571855633,0.0,0.14430751875715175,0.0,0.0
1.152313473916054,0.9709082490602137,1.0,0.9106370744188825,0.0
0.6930250564769622,0.8841775440328784,0.5384996431528568,0.8153799972729217,0.0
0.5853540460315857,0.7534641378900442,0.5424993617339167,0.738592744051437,1.0
0.5643322748571932,0.0,0.5246804799078588,0.0,1.0
1.0166740432384596,1.0460789645852888,0.4282275473176941,0.8583230529030046,0.0
0.3144329718448641,1.1358911619792904,0.3028314011996047,0.9649254388001429,1.0
0.8591647092291077,1.0330869536426377,0.8143793629712548,0.9670318349095689,0.0
0.0,0.8663505981677107,0.0,0.761171210366401,0.0
0.9464959803424486,0.9518206784959381,0.8991164645687632,0.8734821649668544,0.0
0.5899371152816181,0.0,0.45110066116113867,0.0,1.0
0.6254864141081078,0.0,0.453058106184146,0.0,1.0
0.4393002622783184,0.0,0.5400964412705369,0.0,1.0
0.676174982481455,0.8021356651186615,0.3104596561051829,0.6436157891825062,0.0
0.7612763787486371,0.8529947858888921,0.6807769714333414,0.8033967517681146,0.0
0.5487422530345986,0.0,0.537843285128682,0.0,1.0
0.6964515002984889,0.8405188002858622,0.4617946031669333,0.7176752611427033,1.0
0.5459064331249053,0.0,0.4254985586215315,0.0,1.0
0.6711718199093007,0.8867458745627359,0.64387472705241,0.8367528746987415,0.0
0.19297905464881357,0.6844996494278668,0.042225939393620626,0.5658431707214376,1.0
0.3056816330244541,0.882757120980822,0.569447614621738,0.6643094696756913,0.0
0.8289674315050352,0.917804344337091,0.4787896277413545,0.819947360149208,1.0
0.828238903879358,0.8819967380075187,0.5984309579680547,0.868113696518101,0.0
0.46537206121471547,1.1326798272938539,0.4863004219843077,0.9512784518331641,0.0
0.9914841425049689,0.8266587348378697,0.8640589836569041,0.7173399209060374,0.0
1.0318251176994562,0.7683017655860364,0.8327078079300031,0.5925783052938494,0.0
0.34268939349932176,0.0,0.33756243667186525,0.0,1.0
0.43823945774148043,0.0,0.33703510905151346,0.0,1.0
0.37958782098271493,0.0,0.4464022123645731,0.0,1.0
0.5427370908427108,0.7397895566053392,0.6210066585847074,0.7109170560166883,0.0
0.8974138139034812,0.9201813513577197,0.9775838017874569,0.7659677454902505,0.0
0.664534769008559,0.9730308687385042,0.5399629492657013,0.8997770136134462,0.0
0.9131474552236536,0.8083618981177846,0.8292310235468103,0.7452361678801054,0.0
0.5271641325899385,0.0,0.548179674181833,0.0,1.0
0.720784312432068,0.8321057438375724,0.6486293732841701,0.7637388788166259,0.0
0.8970216627421379,0.0,0.6716860219201972,0.0,1.0
0.8468974091204821,0.9987474158057168,0.8614563664945474,0.8812627177124298,0.0
0.7885451657787121,0.8524438326070846,0.2887442180846761,0.6933748637538151,1.0
0.5274068728007721,0.0,0.48642104584213386,0.0,1.0
0.9036943263470335,0.8607094106732558,0.9575674640467478,0.7840246269411352,0.0
0.2579188660499573,0.9153950667546215,0.11662567375145494,0.917731832499254,0.0
0.6002183296445678,0.9333248219405124,0.16965829292036683,0.6893110517565251,0.0
0.856231751280962,0.896542327204641,0.873708873650252,0.7817567671612845,0.0
0.5065203204871842,0.0,0.6120567996624418,0.0,1.0
0.6395866465021631,0.8017559437338332,0.6861556160615088,0.6681452761498365,0.0
1.1484734568678472,0.8686319171117518,0.9760752186628593,0.840043143660917,0.0
0.5220324937362185,0.7173163265920169,0.3765838016771439,0.5991211452995477,1.0
0.5510352000978042,0.0,0.4073815530649184,0.0,1.0
0.3225532074794519,0.9261277435408182,0.2106658825164286,0.7310471776506047,1.0
0.7308617780836654,0.9636514039566975,0.5967801158034689,0.7754975728715314,0.0
0.10054675298016241,1.0887267410006665,0.1848271227602677,0.9456200335806371,0.0
0.18919714180462788,0.0,0.05861613252190234,0.0,1.0
0.0,1.1383272971836562,0.0,0.9942533323114858,0.0
0.12790638445437924,0.0,0.28521342092951996,0.0,1.0
0.7007858154203296,0.0,0.6151508304518941,0.0,1.0
1.1205039967936836,0.9472798882379028,0.9831041412722665,0.8955787194888742,0.0
0.10924521663979724,0.9641738754879194,0.012405492695602649,0.9398427235057099,0.0
0.3832721749402127,0.9518332774840053,0.2383877644731739,0.8161340058751014,1.0
0.3318619331703591,0.6367233383092578,0.36194325639040714,0.5286668501312682,0.0
1.2113581286766633,0.9229380661576795,1.0,0.8550055588528104,0.0
0.4012623623561859,0.0,0.19372265355022,0.0,0.0
0.38855759498036596,0.7769273248484023,0.1600405199603474,0.6826162357328116,0.0
0.3733574609556868,0.0,0.207614756434073,0.0,1.0
0.7866412340085615,0.9837493358022652,0.5156666762918201,0.9178169245511256,0.0
0.9260338134274001,0.9883490983032426,0.7841855912770552,0.7262099790686949,0.0
0.7086128064340883,1.049514697019036,0.5967975300861132,0.8878731709368883,1.0
0.6642183752149847,0.0,0.4150963310218063,0.0,1.0
0.2679869937717154,0.6724980291176824,0.1765328516389767,0.367967557479675,1.0
0.8573735938475585,0.7806101612384511,0.41023237664184187,0.6494809751281962,0.0
0.5880548316377013,0.9029776167493411,0.24615347380804908,0.8185722568199977,0.0
0.656815325376667,0.8882556844427274,0.8266721125211577,0.853632154649921,0.0
0.7312210749696663,0.6418454453862431,0.48909238420504086,0.5521127410280602,0.0
0.9341882309235908,1.1267079549451842,0.9623993467962053,0.929859921333653,0.0
0.8678435693262114,0.8210046509290959,0.9087143097434169,0.716056705263987,0.0
0.4982091733923037,0.0,0.1446885930985241,0.0,1.0
0.37840191505498555,0.0,0.19857874139825837,0.0,1.0
0.4224961665083648,0.9985010504264706,0.1893722590251471,0.8341316853151047,0.0
0.5612193033413266,0.7223204879391942,0.4057493555417542,0.5206915370662917,1.0
0.38174290459570887,0.0,0.12214049888249778,0.0,1.0
0.7210926578867018,0.0,0.7654223916534797,0.0,1.0
0.4031794989088529,0.8731147445206474,0.3207716798476109,0.7929206025120146,0.0
0.6664128656293143,0.8489842699685642,0.6526580051360713,0.8051176492335279,0.0
0.5719299730260593,0.0,0.5939376010883846,0.0,1.0
0.32035837812141316,1.1101627836347308,0.19378800948608088,0.9439867631567427,0.0
0.4767339673475629,0.9755651811059852,0.07518070306592373,0.740152925811147,0.0
0.7090980746730953,0.7604419952236646,0.8132579134427158,0.7015188053297206,0.0
0.2118405422688673,0.0,0.23550138978302548,0.0,1.0
0.8225551617497376,1.0235480383141515,0.5914323904919301,0.8834421555984537,0.0
0.7912104929355676,0.8175342628790065,0.5531691445451163,0.5727093631070347,0.0
0.7375768128788173,1.1006195530539364,0.398648579990283,0.8715837340025537,0.0
0.712252970063814,0.9613707686813607,0.3880339426583298,0.7433131360366563,0.0
0.9405761130622923,0.9793660143128241,0.5470981938343551,0.7263978471379476,1.0
0.17569647986817108,0.8834295283147433,0.2416122286483925,0.736642357857141,0.0
0.8254643968562245,0.0,0.38698776213374797,0.0,1.0
0.7461719536207526,0.7682564541920548,0.7266330262070725,0.4659377490598313,0.0
0.7041714797371325,0.7791263988466711,0.6570833387964807,0.7450695022788723,0.0
0.8015276569638208,0.8882708604952892,0.5364046759415821,0.7685771268587763,0.0
0.9681683187091144,1.0145226334228015,0.7453531435934142,0.9443817709021741,0.0
0.7591099906942747,0.0,0.526695680979101,0.0,1.0
0.51320349956913,0.0,0.3863322414511525,0.0,1.0
0.6913182591722846,1.1693432236252632,0.3238902067440321,0.9566804546805511,1.0
0.2611019273112462,0.0,0.2273955919315317,0.0,1.0
0.677040728374205,0.0,0.6010793103188972,0.0,1.0
0.09866875211350029,0.0,0.15907935066558787,0.0,0.0
0.3552037847622818,1.0533416180617732,0.3397334751823272,0.8452056082131547,0.0
0.49851696610911506,0.8446416962798639,0.5180301799808625,0.7597934537811063,1.0
0.17995476407705333,0.0,0.18574986030559015,0.0,0.0
0.9152906376840192,0.8184147408564718,0.7492541750633055,0.7654013011420644,0.0
0.09074588275573565,0.0,0.20461970517668382,0.0,0.0
1.190338151222799,0.8477069796711743,1.0,0.772641521687254,0.0
0.6242495413046241,0.7269652999564171,0.15856791960668093,0.6781618412507161,0.0
0.8732606419718741,0.9656749558976,0.8039608733070698,0.7359704652268911,0.0
0.5245291663071365,1.0789935655814966,0.7200645094315177,0.9111235575880234,0.0
0.5202200038385694,0.7735667097638338,0.5995533616999631,0.6624375582224982,0.0
0.5417866555006104,0.6707724973790035,0.3037770472737552,0.5208367290044645,1.0
0.3365609885310482,0.7591504474990702,0.25835991941303404,0.4954880827166812,1.0
0.49576462639308205,0.986136609573189,0.4171805091371439,0.8151452084391004,0.0
0.5376579107797934,0.0,0.25030647731203126,0.0,1.0
0.49508809841920237,1.0736378499138346,0.4180417397132986,0.9691488888819965,0.0
0.9076594953227018,0.8989537862373091,0.603034602873781,0.8205464173221224,0.0
1.255697814487777,0.9496013700249422,1.0,0.9056684269549209,0.0
0.5721158365126331,0.8539771729995167,0.648083112027443,0.7023564044483332,0.0
0.13198951102901138,0.0,0.027444831126459124,0.0,1.0
0.9360292006792698,0.8517892518974495,0.7774355741750514,0.824775593272632,0.0
0.848824773351887,0.9652825264371373,0.3154383373302656,0.7001207821790538,1.0
0.593517946261459,0.9551826853330928,0.2007684284505542,0.9169060528933719,0.0
0.6424931867206739,1.0047814308951517,0.7681778645132876,0.9121605576571725,0.0
0.5586743616987707,0.0,0.5114858617876512,0.0,1.0
0.49237870133616946,0.7314810879069417,0.4497922855223613,0.46392978212175306,0.0
0.7533971036839048,0.8540444156362685,0.8088656872094833,0.7235868897027934,0.0
0.2693037311668694,0.8664638583014578,0.1061986494134165,0.8105810096063101,0.0
1.0979163144898112,0.9869375170931588,0.9859707111390075,0.9192242796583883,0.0
0.7810814691989213,0.0,0.3319233093073569,0.0,1.0
0.5767014057982326,0.980525261296504,0.5205938425678013,0.8309212340730832,1.0
0.8737634712480307,0.0,0.2864625070497626,0.0,1.0
0.45674440154759094,0.8549178928167748,0.13022487086562662,0.8631971859280947,0.0
0.4420323719687897,0.0,0.35487454002412455,0.0,1.0
0.8231939720517174,0.7335126157616677,0.8469731713301848,0.5976692669605856,0.0
0.8040859313830393,0.0,0.6651266040901438,0.0,1.0
1.010508099097957,0.7494963028549653,0.876649765239457,0.6343850528785799,0.0
0.43782905488732665,0.0,0.32741807406612833,0.0,1.0
0.9932514550282238,0.0,0.6832521184214025,0.0,1.0
0.6015705665389981,0.8871900549698573,0.39234913398734916,0.8851751561357586,1.0
0.7281280359729413,0.9639545267969213,0.5142469216359489,0.8682421289120711,1.0
0.5300780803294605,0.764257569957927,0.5107968091626849,0.7492239049716267,1.0
0.874929396272245,1.092716675857951,0.6713181617608879,0.935967239959222,1.0
1.1625142838722897,0.8601650901034598,1.0,0.7826374192864802,0.0
0.8569169517936607,0.0,0.6835203725862755,0.0,1.0
1.1367493991869786,1.3014275747563804,0.994262259916402,1.0,0.0
0.973665665926934,1.0470675041292632,0.8010652908810555,0.9192535146291179,0.0
0.6471439823000948,0.0,0.2825640739638675,0.0,1.0
0.7489682523005101,1.0704278562861564,0.11497276408634327,0.8895094316341744,0.0
0.7330032834445181,0.8752770612596951,0.26514076612727133,0.724939484371284,0.0
1.1436262858671524,0.9687561113405024,1.0,0.9081367435810941,0.0
0.39336444283751304,0.9897685284376528,0.5603081468178145,0.7610698402268187,0.0
0.6579434979308303,0.811659120311138,0.840785108344296,0.7085145418476251,0.0
0.2624876053271472,1.0041935981597407,0.009222937799221342,0.7600523013874492,1.0
0.5436959053362017,1.0581140985311293,0.546530573732275,0.8994035810500786,1.0
0.15162458907762763,0.7784560423308343,0.17944326566563362,0.6292121016331665,0.0
0.7805693341440831,0.9878113694203298,0.8144216037618159,0.863815480769503,0.0
0.961470803569684,0.8666581431234938,0.7700066992100529,0.7711004308668737,0.0
0.7206353301062137,1.0986421713304302,0.7008255781230794,0.9461731827748128,0.0
0.18472671788158773,0.0,0.13416603904936197,0.0,0.0
0.6485353520203667,0.0,0.3886768807907688,0.0,1.0
0.806775124057953,1.036261879196819,0.9559539718432257,0.946443385128122,0.0
0.5936167766501507,0.845703290229731,0.3316772496659799,0.7165838111793141,1.0
0.6327237764548332,0.0,0.12953612823311045,0.0,1.0
0.37828891444583407,0.0,0.4704683733737727,0.0,1.0
0.8156468834847865,1.0599837497897344,0.7806766312264962,0.9530634802043645,0.0
0.5405546345630139,0.9771617416754458,0.6472230032706001,0.8803953141749962,0.0
0.9536311310587683,0.8785595110151168,0.9919595146789559,0.8359445464468508,0.0
0.8764549958509913,0.7988402913584635,0.5220438947997781,0.6909618984272181,0.0
0.6027709009703067,0.9402908194272979,0.19622832060252782,0.8452930094869628,0.0
0.6235072090818955,0.9214503984734927,0.46612898201847885,0.6628217051303178,1.0
1.096785792238712,1.1147713349009691,1.0,0.9434432160161925,0.0
0.15611771305704117,0.0,0.17743623413889065,0.0,1.0
0.9852035137918445,0.7890607904455174,0.6477253152398611,0.6898319545780924,1.0
0.9071083203682395,0.8584369401580143,0.7301437891712645,0.8491826740716231,0.0
0.6218774470277846,0.7170258759070383,0.5556867111331207,0.616970763284916,0.0
0.7093825133727429,0.9588736083836772,0.49001526328755984,0.8032721795737794,0.0
0.47756768266618876,0.9025305095084315,0.1871974704964131,0.765844925301695,1.0
0.8976984898988414,1.0561753286428541,0.7424318184137457,0.9082170303064707,0.0
0.30304005066663947,1.0048677338354304,0.23231065691209796,0.9494837665865914,0.0
1.05589593409692,0.8622517459545086,0.864617802258362,0.8360633027135045,0.0
0.8568409060081802,0.9068269651895579,0.8937964964990195,0.8717585005303539,0.0
0.6236661880090107,0.0,0.6594682499195612,0.0,1.0
0.1642714104136984,0.916865856252949,0.025567971182386517,0.7493017974754641,1.0
0.3022810337828151,0.7614862538987887,0.4961244633677404,0.6932633718450595,1.0
0.7464436898044349,0.0,0.4091066914209954,0.0,1.0
0.7138071629999018,1.1856025714268306,0.4484287604256826,0.9461449377200418,1.0
0.3388052565087283,0.0,0.09133616552907842,0.0,1.0
0.6043562360940671,0.7768157889428827,0.4619329258324475,0.7858535153570574,0.0
0.41324527360967583,0.0,0.09050019878001414,0.0,1.0
0.7273424682046317,0.9368970378836236,0.8006965381830671,0.9023058393130128,0.0
1.0244993257429929,0.98702888442724,0.9831042141773088,0.9185279663767659,0.0
0.7692838665821043,0.902932103953639,0.6336876814534202,0.753080694117067,0.0
0.6463515438126796,0.0,0.33748432982360643,0.0,1.0
0.9027232170290607,1.0007521785636753,0.721974431096573,0.8826657864584789,0.0
1.0569340571784975,0.9456929233265795,0.9789063484341786,0.8855392929536756,0.0
1.0234507348786444,0.8713290460394942,0.7476052311659225,0.6514114372378594,0.0
0.4928399681548604,0.7213906138004665,0.40684867913433975,0.5582163959774751,0.0
1.273229469853183,1.0910762230609055,1.0,0.9467389040102925,0.0
0.4065376074903565,0.9487246515622844,0.4873518833886046,0.8811663177525599,0.0
0.5074942980914571,0.8157742662990486,0.29560334350265116,0.688768887663843,1.0
0.5762695068526057,0.7438658214326714,0.23563683434595717,0.6028404623101744,0.0
0.9424951353511121,0.959017239242729,0.8251311610981499,0.8871744679410648,0.0
1.2837146722490786,0.8638449589017553,1.0,0.8350785588497109,0.0
0.2949840880486106,0.8505449566003542,0.3919995106476434,0.8067742569208209,0.0
1.0011470521115575,0.9137492262879228,0.8108825090246041,0.8929490638538816,0.0
0.20292879774943398,0.0,0.012005053214195094,0.0,1.0
0.604619089716787,0.9533984169288814,0.3491631722788826,0.8239765051993344,1.0
0.619695210599011,1.1652515781753245,0.4648263329433082,0.9430396933748645,0.0
0.8062620577975348,0.7765508755163065,0.6745669278903241,0.8336505618718494,0.0
0.3932903507839302,0.7992474360858903,0.046519458686962945,0.7986593822940067,0.0
0.6351992305970605,1.1720385266210354,0.16944390185493885,0.9765050314888567,1.0
0.18131998521629317,0.0,0.13328848522282422,0.0,1.0
0.31724479265514444,0.5439141428550627,0.8061737940584903,0.30226877034051625,1.0
0.4617819500673913,1.0045899943048706,0.2601984642750773,0.9383267777446366,0.0
0.4961601448468403,0.9399811674687056,0.23531221869112706,0.8544143629449369,0.0
1.1695429037760998,0.8885695910257185,1.0,0.7381202692387471,0.0
1.0282284812873796,0.8760121387926295,0.8536211557637164,0.659909179027522,0.0
0.7707769662117636,0.9290926168744483,0.8808772623056644,0.8753963174581013,0.0
0.3760841179679937,0.9578492203025112,0.19819590014479316,0.930710077631678,0.0
0.22713904458885192,0.0,0.13286477184190304,0.0,1.0
0.7581789629298181,0.0,0.7219116504988714,0.0,1.0
0.6341893705848307,0.8898820017677135,0.6592637445586371,0.821614924607774,0.0
0.8469140811847597,0.0,0.27311652730586233,0.0,1.0
0.5355815353490088,0.76815847739077,0.21159337555512003,0.6772276121356705,1.0
0.5250253244438,0.0,0.357448671718965,0.0,1.0
0.8515367134008109,0.0,0.43597246900718956,0.0,1.0
0.7840461673064799,0.724387583535786,0.8560945797382757,0.6251330867034015,0.0
1.0045730947034743,0.9776437090209223,0.870553704345169,0.8587849926822227,0.0
1.0353795309010116,0.8661137309264657,0.9627046081603289,0.720548087338921,0.0
0.5000705939598006,0.9846883050341962,0.9632341663627662,0.7351877234330428,0.0
0.3001022477348691,1.0858894326261517,0.16860892995250787,0.9511552455062109,1.0
1.0096793629730827,0.9672703107399032,0.438437894743973,0.9031029445805615,0.0
0.6956310599184946,0.0,0.3655139625309043,0.0,1.0
0.7098048983291174,0.9994643261528032,0.597980563890476,0.8854743266832016,0.0
0.4336567340538265,0.0,0.3232300445398023,0.0,1.0
0.2867860527166277,0.0,0.41188667788445066,0.0,1.0
0.9837992054479302,0.9082447119330007,0.850023758536993,0.7793926657803657,0.0
0.5585179949955883,0.9885370154929056,0.2800280424026539,0.8083505256179147,0.0
0.5793575466782531,0.8545234889537999,0.5061213353608549,0.8750526267520222,0.0
0.3507864077802772,0.8293083383627078,0.5129626212714474,0.6752231826170132,0.0
0.17636105647424727,0.9927635982555978,0.09987145856443302,0.8754068794566104,0.0
0.46177804868393274,0.0,0.21765267481600448,0.0,0.0
0.9420589620939199,0.7620493646351505,0.8836179011743479,0.7674595413866732,0.0
1.0511143177846418,0.9530184421994451,0.9861470278789013,0.9133296846417468,0.0
0.6694804854064309,0.0,0.6876800913154539,0.0,1.0
0.2224039888311386,0.0,0.043569790370233674,0.0,1.0
0.5707047333232907,1.0339256988096328,0.49435468638459934,0.8517241905879942,1.0
0.09137342753684521,0.9957680121506366,0.04079732385336665,0.9233194256133745,1.0
0.5021624020983383,0.0,0.36077861800264244,0.0,1.0
0.963389225557985,0.9294703787758851,0.7712374953871226,0.6647644619507131,0.0
0.7209557938818634,0.0,0.4182553340623977,0.0,1.0
0.5075390133688151,0.8341483749258156,0.41542008262417573,0.7137429396288413,0.0
0.889569182198962,0.9254651466435725,0.5868074171635909,0.8044927071621982,0.0
1.1561599688118407,1.010329568572165,0.9902500342585824,0.9058020756815923,0.0
0.8625814774884023,0.8013739346645171,0.572030449010829,0.6685135866864858,1.0
0.479210295349345,0.6412248206137474,0.5850574617190338,0.5530463265115786,0.0
1.1419420817435968,0.9184456246856776,0.9900286056786639,0.9092361206389432,0.0
1.1168335773331672,0.8313642391177785,0.587830247288776,0.7909210020974271,0.0
0.6213853310134508,0.752739645691653,0.3911883107471553,0.6511347891580934,1.0
0.498088029115111,0.0,0.26209986843386446,0.0,1.0
0.6205941841947484,0.8414874002901824,0.5796038004768129,0.6650517717521611,0.0
0.6030858958973241,0.0,0.2927920200512083,0.0,1.0
0.5669239560809632,0.7810394163138095,0.6360082360061825,0.7098411825010571,0.0
0.1880807369172368,0.0,0.2462498717664655,0.0,1.0
0.5693327476312382,0.8566764228157342,0.552556480217913,0.7807659212692575,0.0
0.11301862488581076,0.0,0.03436719362417162,0.0,1.0
0.5653592234944672,0.0,0.25249700960841936,0.0,1.0
0.5105788446356172,1.0231425390414153,0.4904091383070458,0.9314698530863808,0.0
0.6750466392734991,0.9782751892338721,0.6222554560358677,0.9119587863189578,0.0
0.5613468343411222,0.0,0.5258686641132058,0.0,1.0
0.7233329224394798,0.812576368341229,0.5281862256549894,0.7951755650851253,0.0
0.33994322558069423,0.8818735826167066,0.12527495466786165,0.8161008246274511,0.0
0.4545611950251641,0.8072754464820585,0.4546675763860617,0.7206370847247296,1.0
1.2053900059932856,0.96679995705834,1.0,0.9441212766775746,0.0
0.20630715427900412,0.7163664373216654,0.20422993514024868,0.5334212022681264,0.0
0.6055217301427412,0.0,0.47604214482975693,0.0,1.0
0.9217039568337109,0.7941416011676841,0.695887120822984,0.6324142051188307,0.0
0.5210468957867145,0.0,0.43219590673746733,0.0,1.0
0.2556129723439244,0.9554209339211871,0.10758707790270139,0.8749682743720917,0.0
0.31885477308125076,0.0,0.15302735556510405,0.0,1.0
1.1269615920552851,0.8063752361117885,1.0,0.7185087451676856,0.0
0.2852118131960261,0.8395255874094291,0.1879230328972442,0.7004253059016411,0.0
0.40141707354282863,0.0,0.35621030507603724,0.0,1.0
0.5398064870639752,1.0986576926271159,0.4614718474013524,0.8892352974787008,0.0
1.1032445186849207,1.108397308588616,0.9882902446889953,0.9693147652772885,0.0
0.767881339803922,0.0,0.19611401866912692,0.0,1.0
0.36555669369097893,0.8961102925576266,0.1623814335952969,0.7682734545503908,0.0
0.81799692430135,1.1355956561488356,0.557559369783742,0.8376438740437245,0.0
0.8220171779458351,1.0401370446409,0.6204240134808467,0.8584448820623682,1.0
0.3079283408943554,0.0,0.28134862483615775,0.0,1.0
0.10865727280615439,0.0,0.0,0.0,0.0
0.4939046284022276,0.9951369193719218,0.5040355724974972,0.9275414182539214,1.0
0.8781352525283977,0.8459823084734949,0.9368851497510415,0.7467623168061981,0.0
0.6803220711848975,0.9346336104981338,0.6450414312191275,0.7121649481929235,0.0
0.30782519753904886,0.8295827903016693,0.49505439982445343,0.7608018595350633,0.0
0.5532898675970883,0.0,0.46647948739918565,0.0,1.0
0.6595317769206047,0.0,0.4043010391367551,0.0,0.0
0.5016198284291781,0.0,0.17377617218433228,0.0,1.0
0.4819826958713568,0.0,0.09727521802427297,0.0,1.0
0.4636989107388021,0.0,0.34473424103768835,0.0,1.0
0.5502364329267126,0.7676054419077247,0.4126667966278723,0.46276578658628575,0.0
0.9626512920341327,1.0307016775473825,0.6683293542473132,0.8754657121289972,0.0
0.9732927151261366,1.0343814083619864,0.7564444155519707,0.7478491336264869,0.0
0.6571684793486045,0.7404023082308705,0.46326493789040557,0.4980123465908789,0.0
0.5387539961826803,0.0,0.28574955664451385,0.0,1.0
0.6625576363387133,1.0740118911086243,0.13587026519934098,0.7764855854216257,0.0
0.33927304099853145,0.0,0.5202857726378969,0.0,1.0
0.9202061790275006,0.8103988050225235,0.5314355959605602,0.6803769372660697,0.0
0.8391680383752471,0.963254354593293,0.7704969963289992,0.8736273372890836,0.0
0.9264848082766358,0.9066613310206233,0.5966603048108661,0.8245019921230055,0.0
0.9012472588890614,1.0141552384878383,0.7963520637356897,0.9229000301491189,0.0
0.8412166312194848,0.0,0.5321088589069809,0.0,1.0
0.769014818170095,0.0,0.6924714896976597,0.0,1.0
0.49362095774596737,0.8733249115452576,0.08948546469127261,0.7939912864570758,1.0
0.8846412127448783,0.9200457419284043,0.8570442996158532,0.7874481815023204,0.0
0.6954262423205028,0.9196412485014377,0.6117588097097347,0.9165916974978242,0.0
1.2221629562005754,0.8072080644981696,1.0,0.7222464427438744,0.0
0.7166578067635916,0.9556181047534739,0.9271551085880151,0.9523308951012485,0.0
0.8158509642282966,0.872312475235967,0.6598399360619172,0.8551772157233251,0.0
1.1941631855649721,0.9150784363354992,1.0,0.8492604395039264,0.0
0.13857996815801749,0.0,0.026008970845336377,0.0,1.0
0.9145346625994376,0.7916743117412589,0.6287414781659391,0.7214397854253849,1.0
0.22061476509189606,0.0,0.015942769237821897,0.0,1.0
0.5344356555733463,0.0,0.44332264141763267,0.0,1.0
0.1137477965001583,0.771227040308941,0.2219819158352534,0.689512136474457,0.0
0.26568515784454344,0.8482472542519536,0.17784457523451458,0.7620983999891986,0.0
0.9398860422410877,0.9866631988817843,0.6690035379546936,0.8743466095143079,0.0
0.42218662352927977,1.048329969266428,0.44205215598053194,0.7332816837195517,0.0
0.5376663185821856,0.7479466144242105,0.3427975225556873,0.5417522031573694,1.0
0.24697865459668636,0.0,0.08245220475521486,0.0,1.0
0.41667952752751547,1.0189983936647637,0.549574327080141,0.8179598634991356,0.0
0.7183313583499654,0.964203553538985,0.41346026351897436,0.8237270642012932,0.0
0.11108183305111284,0.0,0.07792918702261886,0.0,0.0
0.30288326811101046,0.0,0.26578051596960095,0.0,1.0
1.0344790737097387,0.9255457657211478,1.0,0.8790271487543786,0.0
0.629608083164529,0.7027430795010481,0.39613376189642624,0.5346119528065542,0.0
0.8702685324863885,0.9882586875597563,0.458393980202357,0.7851730459823227,0.0
0.32442763478330205,0.8996982024825423,0.7678359911906296,0.7514929710758484,0.0
0.784725692752136,0.8513648624719027,0.2542259488183659,0.5813610626150985,0.0
0.7482737770033766,0.0,0.6292851599157563,0.0,1.0
0.6062381972619971,0.0,0.4836597906977045,0.0,1.0
0.770731389435096,0.7860844292319781,0.5940181167740936,0.5202640387502394,0.0
0.145202645510025,0.9216878259678228,0.22291996669533776,0.8605290263538424,0.0
0.3924835211694683,0.9610103820495395,0.2719689584504432,0.8744631288758301,0.0
0.36283980043074626,0.0,0.26892834442254443,0.0,1.0
1.1790109528426989,0.9809117366162826,1.0,0.9199191180786326,0.0
0.6060267550165125,0.7198990868266036,0.5626241917962305,0.6258390875429649,0.0
0.26686864058181387,0.0,0.5100352669288064,0.0,1.0
0.3775014270222914,1.0525654220197351,0.22537651704546802,0.8961201641585993,0.0
0.8256749565248139,0.9189662322291641,0.8650132499346654,0.8447148526854062,0.0
0.16202823278267342,0.8072754464820585,0.19652073524883373,0.7206370847247296,1.0
0.8325117224650662,0.7706360097476634,0.7313255719683023,0.78312614744538,1.0
0.9157619914431101,1.0253465844280636,0.8306561537297066,0.9063717442474006,0.0
0.663912096258849,0.0,0.39607328999329217,0.0,1.0
0.3932786772295686,0.8118923382476659,0.2875219504800979,0.6032757777443414,0.0
0.5734222132821567,0.0,0.650763392512197,0.0,1.0
0.6863377613486398,0.0,0.4170945882147157,0.0,0.0
0.5189626666623005,0.8784834056291813,0.21550523927127796,0.8473732731743786,1.0
0.7857917557529284,1.0114789577015226,0.9813189057838637,0.9157790529060748,0.0
0.4373073419701457,0.0,0.43189655789983905,0.0,1.0
0.7221737777803383,1.000852769933474,0.6352965025538929,0.8914743329701083,0.0
0.31436562164903303,0.0,0.2517002794079213,0.0,1.0
0.21498097421004256,0.6735215647469451,0.5927013635553592,0.5005470506257775,1.0
0.8352157861325888,0.9855932211372015,0.7597797843898586,0.8059256046195097,0.0
0.2923614119269299,0.8386059476216495,0.39479991598233366,0.7371910373333818,1.0
0.3692147857677344,0.8263376042122239,0.3685723036255828,0.579702155937496,1.0
0.20767367575880888,0.0,0.0642139180218908,0.0,1.0
1.0735821898647002,1.040594751136502,0.6069085525193372,0.9588949527892872,0.0
0.4256680878203511,0.9179355023221923,0.7988040142781357,0.7290912755117303,0.0
0.0,0.0,0.0,0.0,0.0
0.47492977021777794,1.0178790151896515,0.32538653659285566,0.8779066997591194,0.0
0.8507584002543332,0.8751331632203609,0.7522559965490414,0.8308518701575022,0.0
0.6780522456996559,0.9343371148623166,0.7579944203228384,0.9022412530375326,0.0
0.8924439444268049,0.0,0.7076853663957465,0.0,0.0
0.871418214124483,0.7291449495432656,0.5174526281793318,0.4114292099186796,0.0
0.6948669898892618,0.7500540972841985,0.35376699883843965,0.6389355750633992,0.0
0.9100614203479772,0.9214503984734927,0.710226401550284,0.6628217051303178,1.0
0.4415146760640024,0.0,0.3443725369419651,0.0,1.0
0.3837826978185387,0.720260296143062,0.15918936974748255,0.5210817251315072,0.0
0.2384538149232956,0.0,0.02424891442878052,0.0,1.0
0.4714271218109063,0.7947072510574676,0.325259798512728,0.7402515504714163,0.0
0.8860755201625508,0.0,0.7746604779046773,0.0,1.0
0.7422546793327038,0.7340859725252767,0.39453943072171394,0.4857509809731366,0.0
0.8388696086565705,0.9274835647916626,0.7222259377313229,0.8672302423514808,0.0
0.9269080973922135,0.8722118556040866,0.7165501713010167,0.656724471718732,0.0
0.8714229978718309,1.0371484801504338,0.5276933915532522,0.8954405908233749,0.0
0.3093505226067319,0.7143436497354086,0.19784409871956954,0.6352386493848097,0.0
0.8126564463825876,0.8161480192038558,0.6437545737616487,0.8246095015250251,0.0
0.7884107872478485,0.0,0.595504160981907,0.0,1.0
0.9738092986309468,0.9139610326458149,0.6342901724324597,0.6836710852186649,1.0
0.8306948461919992,1.0576547991208385,0.9655811460606345,0.8667285755546426,0.0
0.18251828046339225,1.0045207110093042,0.0824649186254135,0.6844296410359898,0.0
0.5346446980279684,0.0,0.2028119274643433,0.0,1.0
0.7430215732680261,0.9052054489793449,0.5238929676234578,0.6877062320883023,0.0
0.6986289954405268,1.0427209140488067,0.6107749472263204,0.9492903509048465,0.0
0.6180766071766127,0.0,0.44654432182839243,0.0,1.0
0.61521473112498,0.0,0.6321318986440527,0.0,1.0
0.94588934386269,0.8803959501715563,0.5382534221411617,0.764317680725056,0.0
0.45613162250136674,0.8368147614826162,0.25623732308182323,0.9020393061134734,1.0
0.3585108813173469,0.0,0.2309824854710545,0.0,0.0
0.4988031912945509,0.8297054093429339,0.47162029358591506,0.7960917921923782,1.0
0.7103468001831629,0.9708617260339708,0.6958281208364179,0.8767603898600662,1.0
0.5770228552595079,1.0905747857766455,0.7589562903404604,0.9443099376321583,0.0
0.42124141548438526,0.0,0.30400968860525723,0.0,1.0
0.7678321132462621,1.0765301476189468,0.619176040933569,0.9175739946921813,0.0
0.9775950199844609,0.8329114922617756,0.5849802747081851,0.847396344328717,0.0
1.2082194183614743,1.027019482298847,1.0,0.9335773601011444,0.0
0.19446550836032628,1.055900066399347,0.06980261114612729,0.9089441005077921,0.0
0.43004694288745593,0.0,0.07024150306553201,0.0,1.0
0.4892942290831361,0.0,0.4882833452628935,0.0,0.0
0.19936286636781694,0.8974551185713291,0.041889738921449426,0.6873068714660417,0.0
0.6357810676170587,0.8224164503341566,0.686929199253874,0.7911707220254276,0.0
0.7630149819451758,1.014084221556747,0.45587294680645774,0.8371026876620138,0.0
0.21256114813374294,1.1319349426660084,0.14096871073118988,0.9074331530611561,0.0
1.1616227203753557,0.9826164889753006,0.9945502253670525,0.9082205838566753,0.0
0.8420967259590103,0.0,0.5398096620088515,0.0,1.0
0.5652664870113111,0.9459744161820649,0.512949691513056,0.8289782382600668,1.0
0.2766381592381379,1.2826442197275711,0.578971598453226,0.9645006467571251,0.0
0.4293239466498879,0.8613508741221799,0.3395047528502826,0.7530541973169602,0.0
1.1527354512912036,0.738388279081365,1.0,0.5542588040664946,0.0
0.21620661372253944,0.0,0.4782306932728563,0.0,1.0
0.2663208555770922,0.0,0.740105592657282,0.0,1.0
0.3421569387562004,0.9693282458970549,0.4200049988482599,0.7139184886985782,1.0
0.15888074103301764,0.0,0.19685279855315063,0.0,1.0
1.043353446611201,0.7073673931507778,0.6497122623874689,0.6231021136592415,0.0
1.1623595989479094,0.9313588119256857,1.0,0.9340420554218225,0.0
0.8204267082614379,0.9534733621660776,0.8248191433425858,0.8670803431789584,0.0
0.5249746249815597,0.9258604011919987,0.5754692916239714,0.8969489724955768,0.0
0.6910171513381719,0.0,0.7898658171392143,0.0,1.0
0.8022133500451012,0.0,0.6467450068747034,0.0,1.0
0.8423384875268589,0.8220464866911663,0.9630842584242587,0.5695094222034092,0.0
0.5170198425307894,0.7823831718793441,0.10855743784529981,0.7085560361267831,0.0
1.0046523397689346,0.8174763162372968,0.9266848706325771,0.7194712380379497,0.0
0.2920072347533072,0.0,0.25973724655941366,0.0,1.0
0.7416371492463548,1.0376051043437517,0.7035325976982485,0.9316979832474608,0.0
0.4681135421111764,0.0,0.27426016651939944,0.0,0.0
0.16263550285592668,0.0,0.09713119200713727,0.0,1.0
0.9712429429181703,0.9890968677952824,0.8383670803561418,0.8907928363905534,0.0
0.7089231615491599,0.9193557914019556,0.7291340198201768,0.8719287470273981,0.0
0.878474811514856,0.948685522994752,0.7248919704957697,0.8021166671436145,0.0
0.19814604201794273,0.0,0.01587887409525157,0.0,1.0
0.9284536925724344,0.9088748090088294,0.6168540543539678,0.8801037738006044,0.0
0.6740833038086258,0.8318571698315145,0.5289147279052553,0.816506061696811,0.0
0.8738091729045647,1.0889273929327137,0.7664886185700692,0.9100441403883684,0.0
0.47741086794654336,0.9149726492889753,0.26396583436348364,0.7039024204791845,1.0
1.2227807587998656,0.8993579460967138,0.988175521588752,0.8325400077082308,0.0
0.44917976064726706,0.0,0.2337845496188471,0.0,1.0
0.24283336571782305,0.9046357299469358,0.29075544415268184,0.7538646569811994,0.0
0.9997831887318706,0.8099179425609666,0.7584407262716248,0.6708189757156853,0.0
0.7618597635982767,0.0,0.32331133432594983,0.0,1.0
0.5793429372118789,1.1644724272067672,0.8048511523324208,0.9678604957824459,0.0
0.8997604383705137,1.0064803455566966,0.6142060212770634,0.9225117663635339,0.0
1.0667419568736436,0.8799054875001847,0.9815250576017238,0.8566362010422298,0.0
0.9962927080587491,0.9614175705649664,0.7525758230579057,0.8676451898146484,0.0
0.7682092469963759,0.0,0.26450772415819945,0.0,1.0
0.3895031390390507,0.9694892296022849,0.5182562348916119,0.8279876395107059,1.0
1.3387587019451321,1.0510408911868931,1.0,0.9261819064731305,0.0
1.1927003224162105,1.1994357914574367,1.0,0.9643583765277683,0.0
0.38486950029454303,0.7793096761255112,0.5615534399681907,0.7449649803130569,0.0
0.958743503874195,0.9830174989693578,0.8508572968163193,0.9134945146111082,0.0
0.7613517028099154,0.0,0.6100567207558576,0.0,1.0
1.2471717383323555,0.9107918872618336,1.0,0.9076741845499849,0.0
0.8635418222139024,0.9243293343462717,0.2647845959841213,0.8457093487834264,0.0
0.7551025181311394,0.9287813841876887,0.7604718946805017,0.8383141902786669,0.0
0.5820226180400997,0.7215284492150252,0.31907603334521617,0.6053634884219612,0.0
0.1732927826001495,0.0,0.24897473273077142,0.0,1.0
0.593791255920394,0.6422731889945336,0.4649811858951398,0.38235897432496424,1.0
0.16886970201310517,1.1016775444716533,0.5170032850520234,0.9393874886850202,0.0
0.9462555570259653,0.9359748926657471,0.7437594415005093,0.8498584573058082,0.0
0.3889208555719989,0.7737531910026717,0.33553140086168,0.8628270487958096,0.0
0.44034528954936725,0.9123540279659978,0.3113140036373573,0.7983265950958196,0.0
0.8903544292436156,1.0956045367268803,0.6678593363903311,0.9128538046214587,0.0
0.44179586417641337,0.7508045363512387,0.38811964615425676,0.6297132014711434,1.0
1.1157374538161697,0.8165417690597027,0.7353925148669445,0.7317923241461772,0.0
0.41144114172821356,0.0,0.22133140074921964,0.0,1.0
0.917141311731781,0.9647971182624226,0.7490828102663946,0.922722397371172,0.0
1.210704802663823,0.9206742788540859,0.9880645607371126,0.8569294815105658,0.0
0.5331017676516591,0.0,0.5328904949768526,0.0,1.0
0.15398825170584438,0.0,0.014721454090218855,0.0,1.0
0.3694216748835187,1.0845939452202322,0.3957348199102929,0.932207956864273,0.0
0.23852689456810836,1.1614647448198134,0.6143886645081746,0.9662240951715017,0.0
0.7274041706184757,0.0,0.2933389599392112,0.0,1.0
0.46371314033873884,0.0,0.41049130089709385,0.0,1.0
0.9531595344944356,0.8464387210255214,0.7351472732271203,0.8034219821514632,0.0
0.7155247049658442,0.8311955720811804,0.21677882368374257,0.732571202144539,0.0
1.0079446438760424,0.8707024597307035,0.7449311736775613,0.8115195661957789,0.0
0.48296713982215644,0.878368436511512,0.6365966982478253,0.8642979007708853,0.0
0.3259701787158811,0.8684319656389669,0.17291855514252885,0.7669966077439008,1.0
0.4460163241861048,0.9195495930781135,0.4984788546351887,0.7836201817108671,0.0
0.0,0.0,0.0,0.0,1.0
0.885267685918191,0.868132807381284,0.7059674434207805,0.7536894697248322,0.0
0.07145001272449383,0.0,0.16463060561082532,0.0,1.0
1.2019374211823073,0.935658062420558,1.0,0.8236992372658345,0.0
1.0458133755514416,0.8160665599357434,0.9601601286818866,0.8277449092905571,0.0
0.2646794091631997,0.0,0.25596011711730726,0.0,1.0
0.5896223697377315,0.9178114531991877,0.6317475925662499,0.544464627155042,0.0
0.17107253832128363,0.0,0.036809637075581936,0.0,1.0
0.5452156251123682,1.0051308653311362,0.4831305708879686,0.8836596643233359,1.0
0.9953664385229151,0.7479931544850164,0.768256767674141,0.6684972340848342,0.0
0.5432853678724129,0.8650476151343611,0.5800566217722338,0.4978200860551012,0.0
0.41859979702501704,0.9121496650298483,0.37685195329093535,0.5523168120460333,0.0
0.42571550419313803,1.0724890502444004,0.21933212499033694,0.9565611615242307,0.0
0.30081930161941056,0.9294255262817994,0.2678166260546305,0.7278441221288916,0.0
0.49432046542863384,0.9926807575300801,0.2450619816300068,0.8697564796514868,1.0
1.048209448818434,0.9744866533345108,0.8589150448286742,0.8925110820783322,0.0
1.1092913845645926,0.9279471003837013,0.946158483614963,0.8242695659428819,0.0
0.6895069173028467,0.0,0.2969852024698876,0.0,1.0
0.9844118311851328,0.6504245310973163,0.6261179717868248,0.5693714308688617,0.0
0.25831649630713466,0.0,0.0234068942676946,0.0,1.0
0.12493314358602296,0.861529149445029,0.314418832775301,0.8567877879852681,0.0
0.5188040211299269,0.9123349181681827,0.23952544474201964,0.6687213603906719,1.0
0.263052984447062,0.0,0.5500021364459685,0.0,0.0
0.802371969229009,0.970800188363536,0.9875386384985461,0.760069337222589,0.0
0.11811327980471849,1.0937939930107825,0.17326931624404063,0.9779222053797973,0.0
0.15097170161097234,1.0596526495713072,0.032029189568770655,0.9394094060680538,0.0
0.4423151134862173,0.9780041376862963,0.12501089857125713,0.6871016176706812,0.0
0.5502484021859259,0.6516250433636013,0.23420980943183478,0.5675554019097316,1.0
1.2451790371783105,1.1205901730070102,0.45447499512002076,0.9884951131507553,0.0
0.5898429180820364,0.0,0.6577053083270765,0.0,1.0
0.48772887469763626,0.0,0.20732120746771843,0.0,1.0
0.1667344375600666,0.8872155383656314,0.21270072347097546,0.783169812991557,0.0
0.4721956934202046,0.0,0.7166177434511127,0.0,1.0
0.6798966241379828,0.87451099041272,0.5096771333490263,0.7818258361981931,0.0
0.7289599071367592,0.8873768387003618,0.5219785456686883,0.8238453634635046,0.0
0.3490785811845223,0.985484773212472,0.08388576370132883,0.9092605759272677,0.0
0.4175449976619709,0.0,0.43812094269481683,0.0,1.0
0.2508012661762349,0.9873477238064555,0.22018918309442004,0.6356806444321672,1.0
0.29555880950624647,0.0,0.14367415935637384,0.0,1.0
0.14273552631885242,0.0,0.19585107137906943,0.0,1.0
0.25981536039719577,0.8345891249746715,0.23709587746799954,0.8191118986593342,0.0
0.8999653465990669,1.0355459189692502,0.9553002439587572,0.925635035972717,0.0
0.3202285633686802,0.0,0.12467674118858985,0.0,1.0
1.2320868967729897,0.9685884271699051,1.0,0.9004572181080016,0.0
0.6907463922100432,0.8251109227891739,0.598419548364341,0.7274570902003787,0.0
0.8405511502839226,0.8716220921229655,0.6412585007105414,0.7853776794388726,0.0
1.102076526379452,1.0291603563697296,1.0,0.9369661089831003,0.0
0.9099312714292723,1.0875197860514312,0.9839649193521499,0.9782666986191135,0.0
0.9213953407375398,1.0504724355393371,0.7166762709187344,0.9614109638768314,0.0
0.5566718508132845,0.9041989892263758,0.23405099171874655,0.8199731527810281,0.0
0.7190889078400791,0.716704438372981,0.3978000460043919,0.5346163287000706,1.0
0.3466176392971456,0.0,0.4351019917098442,0.0,1.0
0.754369392689082,0.0,0.346182544745526,0.0,1.0
1.2407734610286236,0.8558287121198733,1.0,0.8076567979470479,0.0
0.45401903007875327,0.0,0.3350422372121302,0.0,1.0
0.38479792437499166,0.9962210720691083,0.6651564571092474,0.8640533408917285,0.0
0.12660775554808976,0.9212256643230463,0.22574925629977882,0.8733073865102633,0.0
0.5875293391623674,0.0,0.28533933859946314,0.0,1.0
0.8014986696187908,0.0,0.6230859875557777,0.0,1.0
0.9883497157109585,0.8868435494713449,0.9059349422407376,0.6856008844511665,0.0
0.10165865620842415,0.0,0.08445380213017362,0.0,1.0
0.27254951899062674,1.2994468959059855,0.2965870244827744,0.9105683339703884,1.0
0.5348688478552776,0.8798784599963152,0.18140745255046486,0.5690555893576807,0.0
0.7049626939571557,0.7347915263711975,0.474491675046378,0.5114385863819185,1.0
0.9081098658913689,0.0,0.46699274524861123,0.0,1.0
1.1224904936640958,0.9374187936433139,0.9815752275375007,0.8755580347224375,0.0
1.0400023998990937,0.957628390708559,0.972694744466077,0.8638227888181886,0.0
0.5445035568273182,0.9927538670468083,0.6271299621508055,0.693148359981543,0.0
0.26410062917904853,0.8676838268730502,0.007630379342724036,0.6668143695340072,0.0
1.1705785135531996,0.9298756432208815,0.9945734037559011,0.8998084811436018,0.0
0.4060938237282012,0.0,0.14742837316519763,0.0,1.0
1.1612690487640642,0.8353485299569392,1.0,0.7391236102029259,0.0
0.8588941927339716,0.9679775456419423,0.8917371476119278,0.8872816617612014,0.0
0.2755869680004229,0.0,0.19854659047268586,0.0,1.0
0.4258848797878623,0.0,0.30294139029964473,0.0,1.0
0.7432947652303735,0.8039760639513008,0.8259866527180548,0.6163148796517068,0.0
0.14654926160081613,0.0,0.12844290082067844,0.0,1.0
1.0882489730399274,0.7738011198557028,0.7253464724226306,0.6004729632249433,1.0
0.789303094098027,0.7104340601809935,0.8089779542993997,0.6712108682167882,0.0
0.31685810094684363,0.8766470912970138,0.376127245651785,0.8183423819755438,0.0
0.904760750279157,0.0,0.6584083918082384,0.0,1.0
0.8153043900953734,0.9190591545098015,0.7996064486455141,0.8740116883330673,0.0
0.09885853501781224,0.735486178439023,0.2058429061253173,0.6113224410778096,0.0
0.8823598111883242,0.936048316269017,0.9393669259954158,0.8201523018124487,0.0
0.3481377255832158,0.8539811095701435,0.32182749770535257,0.8011235283879751,0.0
0.7241680440181333,0.8925567801940542,0.49422594470861736,0.8701522047402312,0.0
0.9381717051753412,0.9923250216126018,0.8366452522165526,0.9089759223408062,0.0
0.754846584554875,0.8364752960414694,0.9325922192445184,0.7024984855979458,0.0
0.5532853491915726,0.0,0.20011934363242112,0.0,1.0
0.24766084882730013,0.0,0.18973257516590314,0.0,1.0
0.2271077007193565,0.8449227548790277,0.23147144401771302,0.7752658919726636,1.0
0.850741619515618,0.0,0.6028061811628151,0.0,1.0
0.2524745400037805,0.0,0.3687316832887114,0.0,1.0
0.9089407498140135,0.7513080119114096,0.7987693727624945,0.664446008583066,0.0
0.3551435779468209,0.9758200071989747,0.11887037497092512,0.876682593663659,0.0
0.7707383662495642,0.8069307958203975,0.5836268529847415,0.6976012160314498,0.0
0.8643090408730676,1.041282533132175,0.7586962363351113,0.9197778062658974,0.0
0.5689482965205211,0.0,0.5186464833045512,0.0,1.0
0.42932636247997874,0.9392319340911915,0.5421232502763755,0.7954628935214779,0.0
0.7622893366241347,1.0058013136883235,0.5368504699487457,0.8345911136872218,0.0
1.246335308579203,0.9774080302925366,1.0,0.9264505876681999,0.0
0.6959402174004063,0.9099137360487825,0.766521431871459,0.8609835365966103,0.0
0.30812515433789084,0.0,0.2008146577470955,0.0,1.0
0.24865733527092174,0.7952887920716857,0.5596410338738547,0.6651954448889152,1.0
0.560666738276287,0.0,0.4439443112674042,0.0,1.0
0.4613174473661458,0.0,0.5910615679508202,0.0,1.0
0.4274765486243811,1.063642231901695,0.5726231452501591,0.9811764894619254,1.0
0.8335620529696253,1.2004227794459534,0.6101198872851648,0.9978721553527111,1.0
0.8653154404037416,0.7924393777487514,0.6328703666959976,0.5963749124829761,0.0
0.5290442804695117,0.7331460099422237,0.4086756713251727,0.671670451521309,0.0
0.7178121038247262,0.8747177315131082,0.7436583712601312,0.7559626429821761,0.0
0.5130068245006085,0.8750959827628307,0.4238516351089263,0.7668891501356373,0.0
1.1421744110112095,1.053384159359901,0.9832436842064071,0.9007639122142937,0.0
0.9776160403161428,0.8030379372552633,0.9248510058432979,0.5894593608919048,0.0
0.20440691615228992,0.0,0.30053254798713025,0.0,1.0
0.16652472508225666,0.0,0.04593553321138766,0.0,1.0
0.499263405727601,0.0,0.3116630746753163,0.0,1.0
0.2897542353773482,1.0615907904411321,0.17660912680617435,0.9425258616852807,1.0
0.5017581269036688,0.0,0.2379562548858336,0.0,1.0
1.1237914800104623,1.018227147279812,0.9836922654145438,0.9061070485456885,0.0
1.258224113838951,0.9302529444918028,1.0,0.8728897676256168,0.0
0.2082321227325776,0.7532591115455607,0.06485844263670448,0.468242803910635,1.0
0.8414851843018913,0.0,0.5642742118849648,0.0,1.0
0.6865712484348593,0.9074960955743967,0.5956699860888148,0.7985901383161149,0.0
0.8765096079344742,0.9757517793299684,0.644586888604932,0.8543402882813991,0.0
1.230422423423813,0.9151022865504935,1.0,0.8810996656126637,0.0
0.5122371929932455,0.9800923871517531,0.3780210792818163,0.7997696134701642,0.0
1.3062711730156393,0.8796054434653394,1.0,0.8133518752524737,0.0
0.11542400749184323,0.0,0.24173838942860748,0.0,1.0
0.5033149474361145,0.0,0.3614449195549355,0.0,1.0
0.6058236334245303,0.6851976657002088,0.617720534585496,0.6086130510777358,0.0
0.7831655415176929,0.8681639838712477,0.7016026823239292,0.7853238416552972,0.0
1.1881957707577067,1.0182883273955277,0.9717114811207176,0.9124585671198575,0.0
0.7665682711726786,0.8112939802959813,0.6767863155674316,0.7137455400738414,1.0
0.6074856058784902,0.9830815127930386,0.37773449006740967,0.9270036294712772,0.0
0.692070090049855,1.1328315592400222,0.5800940636423504,0.9661527171900889,0.0
1.281533381869672,0.9101984417185458,1.0,0.8686021061379923,0.0
0.47285181335671506,0.0,0.38921468712487106,0.0,1.0
0.2947499551862625,0.0,0.09813316395576666,0.0,1.0
0.5544027705458888,1.224651144838432,0.47356626193981777,0.7875189366533123,0.0
1.2633110184389762,0.9943067764224628,1.0,0.9457184993402183,0.0
0.7024642005449521,0.68644136236715,0.13511796878254678,0.5380391194488578,0.0
0.27767312601333244,0.0,0.07509028067689771,0.0,1.0
0.553458567793665,0.92518025833221,0.5001133989807571,0.8378657924225822,0.0
0.8010149008563465,0.0,0.5888028015814302,0.0,1.0
0.5768915254724533,0.0,0.1670950714242837,0.0,1.0
0.9492924305988694,0.7858462496844613,0.8452532649150493,0.7506216981028957,0.0
0.1335207721481025,0.0,0.19886395547141789,0.0,1.0
1.0175621825621723,0.8595235525469977,1.0,0.8574696088302873,0.0
0.502595641122232,0.0,0.30834050007283387,0.0,1.0
0.7222479173028375,0.0,0.5467477371586444,0.0,1.0
0.5192017251303792,0.7938009577958831,0.7410067119792272,0.5865310407886157,1.0
0.5815711580067372,0.0,0.6086096455277868,0.0,1.0
0.3051080443590377,0.858719690242612,0.22556844205614235,0.8281022419807873,0.0
0.14144883058849814,0.0,0.006656430634239152,0.0,1.0
0.5694058384540558,0.7976623030637531,0.8047235523594272,0.6758193381302888,0.0
0.23420160480398233,0.0,0.11368584999328069,0.0,1.0
0.3811630150880589,0.0,0.28489535611594885,0.0,1.0
0.5860471913921615,0.7565734608168667,0.767744282558689,0.7125192136280063,0.0
0.9285970205012618,0.9738459627530762,0.8534438484258772,0.8758833592300959,0.0
0.4114969348159997,0.8114743399001965,0.2992731229396398,0.6032326529378097,1.0
0.4887703345879555,0.8961246503807881,0.19070077654367967,0.861752285830365,0.0
1.2233511439842133,1.0930064468725387,1.0,0.9467533785560929,0.0
1.1023563300718071,0.8731208045517719,0.9927596219647615,0.8363919945438668,0.0
0.410521121149021,0.7355554645233154,0.3082271813249553,0.6492431647789128,1.0
0.3163974113449236,0.774260208472287,0.22273629596950095,0.6287204984947217,1.0
0.44461832594497536,0.0,0.35412602357763423,0.0,1.0
0.5513688728841454,0.7083501614044488,0.711611520634678,0.45790243431418953,1.0
0.8987524770422172,0.8326930692068506,0.6947154977434409,0.6074214359204373,0.0
0.19922571505363174,1.109536431452532,0.35291161439297725,0.9392179870359352,0.0
0.3181258732489759,0.8357477016124416,0.15152555165196224,0.7587440890674741,1.0
0.6282839843502901,0.8994884653540034,0.564574465057182,0.6157981378432695,0.0
0.166146056700474,0.8352980843921547,0.08408022628510681,0.733079796311511,0.0
0.09958446209728307,0.9321242976661159,0.11909408923084752,0.7011719523249436,0.0
0.7975689604856399,1.054901095551562,0.5554169166851837,0.894727654990123,0.0
0.3516687391834177,0.9864983079682896,0.19466648491230254,0.8550847173993323,0.0
0.7734480464574336,0.9191810105665928,0.5692084112984481,0.5008914527510095,0.0
0.453544657788376,0.0,0.2874774126840054,0.0,1.0
0.8084587506743224,1.1262670884346435,0.5963255575874039,0.9696477227763505,0.0
0.2808567004493135,0.0,0.3442747285497967,0.0,1.0
0.17231953218664775,0.7645905687037261,0.012189829383810191,0.5431881431306023,1.0
0.8453208356237834,0.8685906565718603,0.7226086961422062,0.7698870799572163,0.0
0.8294761626397832,0.7010520191928158,0.5710834345242886,0.4875889441478257,0.0
1.0327904727014499,0.7862130336137555,0.5987201280085165,0.6138814096458693,0.0
0.4380641266565994,1.0046006429281078,0.11681345443213542,0.8908282771786362,1.0
0.36844889244594153,0.8889267767664842,0.16348403301183312,0.6926914374399313,0.0
0.612054291676905,0.7790136791822005,0.4785275379344788,0.6955459186385142,1.0
0.8777542474643875,0.7848194517418372,0.40561323819079187,0.7410173656050393,0.0
0.7896585174806138,1.146362063836061,0.5061898185682988,0.9638603293486238,0.0
1.1315767646652752,0.9502213367372125,0.8822255249505088,0.831026906774897,0.0
1.0514927553088078,1.0399489724719475,0.9521103380907527,0.8950299871960348,0.0
0.9129408851319467,1.0540573390248853,0.9075159549878092,0.9054512088687463,0.0
1.2349384291267433,1.0267228134638418,1.0,0.8598261660726466,0.0
0.5273946815688073,0.0,0.4439861232405017,0.0,1.0
1.2560798151592725,0.9690846514780511,1.0,0.9542243499112666,0.0
0.6397866686633107,0.9724087047771857,0.18525638102864794,0.8954325896057749,0.0
0.5722088994064788,0.0,0.3898985454943601,0.0,1.0
0.12155046435908552,0.0,0.05670907167862138,0.0,1.0
0.2172337523473854,0.0,0.22722290651276222,0.0,0.0
0.47143132870950205,0.0,0.12227496382983594,0.0,1.0
0.25824933701203484,0.8651328791760816,0.1350126734219741,0.7628254326207037,1.0
0.319056044883507,0.0,0.05947227201793159,0.0,1.0
1.0630437870498002,0.8699108647191105,0.47366307761371584,0.7769837901224654,1.0
1.2038527906624863,1.1315883497015728,0.5583872894407242,0.9254431692709874,0.0
1.118704720052229,0.845067005021338,0.9935770828780112,0.673082693108303,0.0
0.10960628729350759,0.0,0.18666485091227925,0.0,1.0
0.460212138706462,0.8974685989163409,0.3766772645699733,0.6878292505814059,0.0
0.6238520593612658,1.0114833705620878,0.2961999278833177,0.8607917154759027,0.0
0.6970277197539624,0.0,0.44971764482782206,0.0,1.0
0.4321112401104652,0.0,0.46589136499853123,0.0,1.0
0.3223945810795906,0.0,0.10674928742887269,0.0,1.0
0.7998947955535655,0.9083082181301295,0.5377356593623837,0.8313656063209424,0.0
0.5815271376542573,0.0,0.13562903757070643,0.0,1.0
1.1679669499644547,0.95264988144583,0.9940477869934214,0.8408622462809306,0.0
0.7847249501694812,1.0427769922633259,0.5943684580988304,0.9152614700749109,1.0
0.8999760903669375,1.1496211127453206,0.6943606981915444,0.927062014060043,0.0
1.1934739762552522,0.8539656387751335,1.0,0.7817459393936954,0.0
0.4383858590508914,0.0,0.3039929096195446,0.0,1.0
0.0,0.9963878736871418,0.0,0.7853308692326685,1.0
0.6835653242805602,1.0247747715752746,0.5795404490554659,0.9291096333717864,0.0
0.912850596706895,0.9636522623923108,0.36829718870812445,0.7778916261431874,0.0
0.6679234830903608,0.759704312471822,0.5597637228519288,0.4945755093223321,0.0
0.9888645361428644,0.9964616231078357,0.6422335387484004,0.8547258183259346,0.0
0.6373995049152856,0.8128881108174172,0.7052791346810783,0.7295235912577435,0.0
0.17098351118968674,0.0,0.15894377110078872,0.0,1.0
0.5702932626085832,0.9219978540668439,0.5553427229750934,0.836733567383344,0.0
0.5912931689212363,0.8646377986099314,0.4000938683827243,0.7040959230307597,1.0
0.6706468878791035,1.1733223678343452,0.7427768304557807,0.9805558149043736,0.0
1.0913459020343326,0.9886980839992955,0.8678342339344354,0.9451552152677124,0.0
0.8179342535401909,0.0,0.7708288383678422,0.0,1.0
0.0,0.7318988635417283,0.10966996051219247,0.6182702676141313,0.0
1.23055362539773,1.013406195464657,1.0,0.9178571150353163,0.0
0.6566335366204771,0.0,0.21533071143041616,0.0,1.0
0.7671562298220396,0.944676302160649,0.828120988292836,0.8081587779571899,0.0
